id;uuid;status;first_name;last_name;cin;iban;phone_number;email;wallet_holder;created_by;created_date;last_modified_by;last_modified_date
1;898edbcd-0494-4788-be4e-e714a771527c;ACTIVE;Astérie;Julien;population d;KW47FVRF20083140527A289A197671;au-dessus lor;Helier8@gmail.com;4a7ba689-a885-40c1-b20e-baa47faea795;commis coac coac solliciter;2024-10-15T17:39:53;délégation;2024-10-16T12:25:21
2;b4528f1e-f1be-4206-8c5b-3a50250ee0b5;DELETED;Christiane;Muller;euh spéciali;PL14367900680013460040800917;nager à condi;Tonnin51@yahoo.fr;56cdc0bb-52e7-4093-9612-7872dd2ed775;bien zzzz touriste;2024-10-16T13:11:50;lectorat commander dans;2024-10-16T08:30:01
3;b6cdcb22-a361-4057-971d-f2621ba36b40;BLOCKED;Astérie;Fernandez;glouglou;QA07NXOF76QZ6F33B60994NPPF539;inviter chef;Brunehilde38@gmail.com;2511e40e-383e-47d8-933c-89ce4c20cabe;triathlète;2024-10-16T13:38:41;hors de via;2024-10-15T21:50:18
4;ee4adb8e-376e-4708-bfa0-d914e526356d;ACTIVE;Eudes;Clement;enfermer bia;DO70IOVS10647004656030306042;désormais;Aymeric52@gmail.com;9555929e-8b3a-4e2c-a2ff-17ac5fd49b3b;commis de cuisine parce que vroum;2024-10-16T09:40:11;si meuh;2024-10-16T00:51:07
5;293b1d93-7445-4c4a-be45-28b9e42eabdf;BLOCKED;Mathilde;Louis;moins sans q;CY378900100257EI6029WV71H568;gestionnaire ;Eric_Simon65@hotmail.fr;6a313424-d257-4324-8755-bbdfa8e8e8f4;au point que efficace aux alentours de;2024-10-16T03:09:42;pourvu que triathlète;2024-10-16T03:15:14
6;4769dfcd-66a4-4dbe-940c-d420a65ea72e;DELETED;Chrétien;Richard;administrati;SE7284400400149010087439;aïe;Romain.Riviere@hotmail.fr;bb1ed157-39b6-489a-8af5-8b5e03e14249;diablement;2024-10-16T02:41:16;multiple hé tousser;2024-10-15T17:13:59
7;3a34e675-91bc-4c84-a7e2-1e4fdf586d89;DELETED;Chilpéric;Bertrand;hors de;GT84928682ZX3574Z163R321251T;jusqu’à ce qu;Adonis.Masson@yahoo.fr;2eb6dc0d-9f3d-4e82-a00a-f6cb875cc2c9;aussitôt que touchant;2024-10-15T18:53:43;au point que;2024-10-16T02:28:18
8;ca22d2b6-febb-4316-bd98-c1b6ad1a9b75;ACTIVE;Arian;Meunier;proche pff s;AT270850504248006062;tsoin-tsoin t;Josephine96@gmail.com;c521736f-b17b-4822-8bc6-e724e6f44f3a;tchou tchouu juriste;2024-10-15T22:24:55;maigre après que;2024-10-16T06:53:24
9;7a405b97-5d97-4dfc-9e64-8e564febabd8;PENDING;Yvonne;Riviere;commissionna;DO73FGMZ11002809500308014004;ha psitt;Adeline.Huet@hotmail.fr;b6340d98-7b65-4333-8711-b357c38bd963;indiquer;2024-10-15T20:03:51;effrayer;2024-10-15T21:59:14
10;997d874c-2070-4fc6-81c9-a507987667cd;BLOCKED;Vincent;Guerin;tsoin-tsoin ;FO5920590310754604;éveiller hors;Coralie53@hotmail.fr;10a8af2b-4a37-4103-9d60-fd279dc91b53;enregistrer;2024-10-16T11:31:26;par suite de alors que diététiste;2024-10-15T14:28:50
