id;uuid;name;file;file_content_type;wallet_holder;created_by;created_date;last_modified_by;last_modified_date
1;36b9373c-0f29-4cb7-86f6-718b856a5634;conseil d’administration extra;../fake-data/blob/hipster.png;image/png;fe21a086-9a4e-432d-807a-98d06fbe871c;membre à vie membre à vie;2024-10-16T03:21:41;hypocrite ensuite personnel;2024-10-16T05:56:24
2;5c99b482-9c54-4bb7-a4e9-152d69444592;à défaut de ;../fake-data/blob/hipster.png;image/png;681edb97-2750-4734-8792-c7f31cb562fb;jusqu’à ce que raide population du Québec;2024-10-16T01:21:49;charitable avant-hier membre du personnel;2024-10-15T17:23:18
3;cfb8f9c4-034d-4433-a55b-4ae3d65fd31b;tant;../fake-data/blob/hipster.png;image/png;26434a0b-19d8-49e2-ada0-92c67754010e;verser sauf;2024-10-16T03:29:22;bzzz depuis agréable;2024-10-15T23:44:07
4;d482ad6c-dcc8-4bed-af7d-ce1c79d1df29;ding d’autant que habituer;../fake-data/blob/hipster.png;image/png;aba96fae-f992-4ffc-84b6-e27f465e4538;expédier chauffer psitt;2024-10-15T18:30:25;dénoncer comment à raison de;2024-10-16T09:20:58
5;e023950c-c472-4911-9a52-407cda3cb17f;toutefois au lieu de;../fake-data/blob/hipster.png;image/png;4c407a01-f16b-4567-ae4d-ecd0be1c6926;créer;2024-10-16T04:45:03;coin-coin grâce à;2024-10-16T11:08:41
6;3310c561-464c-47d5-97df-609b1742b6a4;réprimer de manière à ce que;../fake-data/blob/hipster.png;image/png;4d87db6e-b4d7-419f-8535-4da0bce20177;chut via plic;2024-10-16T10:37:03;gens paf alors;2024-10-16T03:09:31
7;a52b37b4-4c65-4195-9a7f-049ce36e108f;affable miaou à condition que;../fake-data/blob/hipster.png;image/png;955f7992-9541-4048-880d-6ebc2a00f81c;à peine;2024-10-15T13:49:11;là-haut;2024-10-15T15:48:33
8;deb56092-151b-42a1-83f7-123d91c5269d;solitaire;../fake-data/blob/hipster.png;image/png;e52011a5-773e-4059-885e-1f58ab49421b;plic tuer de crainte que;2024-10-15T22:37:43;athlète communauté étudiante;2024-10-15T22:24:01
9;03c723e8-1dc0-4c12-bb44-213c6e9629b2;lorsque sauf;../fake-data/blob/hipster.png;image/png;d9e57117-eb40-4286-8b83-61b669c24599;cot cot;2024-10-15T23:58:26;désormais sédentaire;2024-10-15T22:09:10
10;5fb47098-025a-4dd1-9888-c5827bd0abe2;promener si biathlète;../fake-data/blob/hipster.png;image/png;3798af4b-b119-4f5a-b166-323e1bd237bf;corps enseignant;2024-10-16T05:48:30;accélérer;2024-10-15T22:37:25
