id;partner;api;method;request_headers;request_body;created_date;response_status_code;response_time
1;WAFR;hystérique;GET;../fake-data/blob/hipster.txt;../fake-data/blob/hipster.txt;2024-10-15T14:28:38;911;2024-10-15T19:25:15
2;CIH;drôlement extrêmement;PATCH;../fake-data/blob/hipster.txt;../fake-data/blob/hipster.txt;2024-10-15T19:34:48;523;2024-10-16T05:47:45
3;CMI;après;POST;../fake-data/blob/hipster.txt;../fake-data/blob/hipster.txt;2024-10-16T13:35:45;643;2024-10-16T10:26:43
4;CMI;dans la mesure où à l'encontre de de manière à;PATCH;../fake-data/blob/hipster.txt;../fake-data/blob/hipster.txt;2024-10-15T23:05:51;120;2024-10-16T07:56:28
5;OTHER;grandement responsable secouriste;GET;../fake-data/blob/hipster.txt;../fake-data/blob/hipster.txt;2024-10-16T03:40:40;180;2024-10-15T20:23:32
6;WAFR;complètement;PATCH;../fake-data/blob/hipster.txt;../fake-data/blob/hipster.txt;2024-10-15T22:58:31;612;2024-10-16T04:50:03
7;WAFR;antique innombrable;PATCH;../fake-data/blob/hipster.txt;../fake-data/blob/hipster.txt;2024-10-16T09:45:07;578;2024-10-15T16:45:36
8;OTHER;quand triste;POST;../fake-data/blob/hipster.txt;../fake-data/blob/hipster.txt;2024-10-16T00:13:49;618;2024-10-16T11:05:59
9;CIH;buter assez;GET;../fake-data/blob/hipster.txt;../fake-data/blob/hipster.txt;2024-10-15T19:36:41;705;2024-10-16T02:49:55
10;CIH;drelin tandis que;PATCH;../fake-data/blob/hipster.txt;../fake-data/blob/hipster.txt;2024-10-16T09:42:51;391;2024-10-15T20:30:33
