id;partner;api;method;request_headers;request_body;request_time;response_status_code;response_headers;response_body;response_time;correlation_id;query_param
1;WAFR;cuicui contrarier y;DELETE;../fake-data/blob/hipster.txt;../fake-data/blob/hipster.txt;2024-10-15T22:01:29;220;../fake-data/blob/hipster.txt;../fake-data/blob/hipster.txt;2024-10-15T20:18:26;servir vu que brave;ha ha personnel
2;OTHER;candide pendre à l'insu de;PATCH;../fake-data/blob/hipster.txt;../fake-data/blob/hipster.txt;2024-10-15T19:46:27;715;../fake-data/blob/hipster.txt;../fake-data/blob/hipster.txt;2024-10-15T13:46:43;à force de rédaction;dans snob pourvu que
3;WAFR;bien que apte;POST;../fake-data/blob/hipster.txt;../fake-data/blob/hipster.txt;2024-10-15T17:47:29;74;../fake-data/blob/hipster.txt;../fake-data/blob/hipster.txt;2024-10-15T17:04:48;admirablement apparemment;partenaire
4;WAFR;hebdomadaire tant au dépens de;PUT;../fake-data/blob/hipster.txt;../fake-data/blob/hipster.txt;2024-10-16T05:42:22;532;../fake-data/blob/hipster.txt;../fake-data/blob/hipster.txt;2024-10-16T06:09:32;commis de cuisine malgré;intrépide
5;WAFR;recourir désagréable;POST;../fake-data/blob/hipster.txt;../fake-data/blob/hipster.txt;2024-10-15T21:28:27;716;../fake-data/blob/hipster.txt;../fake-data/blob/hipster.txt;2024-10-15T18:17:55;jusqu’à ce que;vis-à-vie de tant
6;CIH;pschitt;DELETE;../fake-data/blob/hipster.txt;../fake-data/blob/hipster.txt;2024-10-16T06:30:20;809;../fake-data/blob/hipster.txt;../fake-data/blob/hipster.txt;2024-10-16T08:09:47;groin groin calme;que précisément
7;CMI;mieux toc;PATCH;../fake-data/blob/hipster.txt;../fake-data/blob/hipster.txt;2024-10-15T21:12:33;851;../fake-data/blob/hipster.txt;../fake-data/blob/hipster.txt;2024-10-15T18:03:15;de façon que badaboum;crac à l'exception de ouille
8;CMI;cuicui géométrique malade;GET;../fake-data/blob/hipster.txt;../fake-data/blob/hipster.txt;2024-10-16T02:56:06;807;../fake-data/blob/hipster.txt;../fake-data/blob/hipster.txt;2024-10-15T21:57:40;depuis tellement;intrépide
9;OTHER;durant crier;POST;../fake-data/blob/hipster.txt;../fake-data/blob/hipster.txt;2024-10-15T23:50:23;483;../fake-data/blob/hipster.txt;../fake-data/blob/hipster.txt;2024-10-16T07:58:16;par rapport à aussitôt que;ha ha là-haut
10;CMI;mélancolique dès que pschitt;GET;../fake-data/blob/hipster.txt;../fake-data/blob/hipster.txt;2024-10-16T10:30:50;216;../fake-data/blob/hipster.txt;../fake-data/blob/hipster.txt;2024-10-15T17:54:05;secouriste;rectorat à la merci
