id;app;name;setting;created_date
1;WEB;commis de cuisine corps enseignant derrière;attendre;2024-10-16T04:18:08
2;MERCHANT;souvent secours drôlement;dans la mesure où oh ding;2024-10-15T14:32:40
3;MOBILE;protéger pourpre;après-demain gratter;2024-10-15T16:47:31
4;MERCHANT;partenaire smack;bûcher;2024-10-16T04:13:07
5;MOBILE;si;chef de cuisine hirsute;2024-10-16T10:08:52
6;AGENT;insipide jouir fonctionnaire;pouvoir;2024-10-16T07:10:44
7;MERCHANT;posséder tandis que ha ha;prêter;2024-10-16T01:31:03
8;MOBILE;que alors sitôt;à la faveur de déjà;2024-10-15T16:02:36
9;WEB;alors que infiniment brusque;approximativement alors que;2024-10-15T13:53:13
10;WEB;rédiger;durer bâtir;2024-10-16T05:45:19
